t_s,core_max_c,gpu_cur_mhz,gpu_max_mhz,package_w,fan_rpm
-1.95,81,350,1250,14.3,3176
-1.69,81,350,1250,6.4,3173
-1.42,80,350,1250,5.0,3171
-1.14,80,350,1250,5.9,3176
-0.87,70,350,1250,5.3,3171
-0.60,70,600,1250,9.8,3176
-0.33,70,350,1250,5.2,3173
-0.07,70,350,1250,6.0,3171
0.21,74,1250,1250,13.7,3176
0.48,74,1100,1250,26.3,3173
0.75,86,1250,1250,27.9,3176
1.03,86,1250,1250,25.8,3176
1.30,89,600,1250,25.3,3171
1.57,89,1250,1250,25.8,3173
1.84,89,1250,1250,26.3,3173
2.11,89,1250,1250,26.2,3168
2.38,88,1250,1250,27.1,3163
2.64,88,1250,1250,27.1,3165
2.90,88,1250,1250,26.9,3168
3.17,88,1250,1250,25.6,3168
3.43,91,1250,1250,26.6,3168
3.71,91,1250,1250,26.1,3171
3.97,91,1250,1250,26.2,3173
4.26,91,1250,1250,26.1,3215
4.54,89,1250,1250,26.0,3321
4.81,89,1250,1250,25.8,3335
5.08,89,1250,1250,25.9,3449
5.35,89,1200,1250,26.4,3470
5.62,89,1250,1250,25.8,3526
5.89,89,1250,1250,25.4,3604
6.17,89,1250,1250,25.3,3647
6.43,89,1250,1250,24.8,3627
6.70,90,1250,1250,25.1,3647
6.97,90,1250,1250,26.2,3664
7.23,93,550,1250,25.9,3661
7.50,93,1000,1000,23.0,3644
7.76,93,1000,1000,20.3,3651
8.03,93,1000,1000,21.3,3644
8.30,86,1000,1000,20.1,3637
8.58,86,1000,1000,19.3,3630
8.86,85,1000,1000,19.1,3627
9.13,85,1000,1000,21.3,3614
9.40,86,1000,1000,20.3,3668
9.68,86,1000,1000,19.2,3571
9.94,86,1000,1000,19.6,3614
10.21,86,1000,1000,19.3,3610
10.49,82,1000,1000,22.3,3617
10.76,82,1000,1000,21.8,3564
11.04,84,1000,1000,19.9,3610
11.31,84,1000,1000,22.5,3607
11.63,86,1000,1000,21.2,3614
11.89,86,1000,1000,20.4,3610
12.17,89,1000,1000,21.3,3610
12.44,89,1000,1000,21.4,3614
12.71,89,1000,1000,19.5,3668
12.98,89,1000,1000,21.1,3564
13.26,89,1000,1000,23.1,3614
13.54,89,1000,1000,19.8,3614
13.81,89,1000,1000,19.7,3614
14.08,89,1000,1000,19.9,3664
14.35,85,1000,1000,19.3,3617
14.63,85,1000,1000,19.5,3664
14.91,84,1000,1000,19.9,3617
15.17,84,1000,1000,22.5,3668
15.45,86,1000,1000,19.6,3614
15.73,86,1000,1000,20.1,3668
16.06,87,1000,1000,20.8,3568
16.32,87,1000,1000,20.0,3664
16.60,87,1000,1000,19.4,3564
16.87,87,1000,1000,19.6,3614
17.15,92,1000,1000,22.8,3614
17.43,92,850,850,18.7,3614
17.70,92,850,850,14.7,3610
17.98,92,850,850,15.8,3668
18.25,82,850,850,14.8,3568
18.52,82,850,850,14.7,3668
18.79,82,850,850,14.7,3564
19.06,82,850,850,17.0,3604
19.33,82,850,850,14.7,3610
19.60,82,850,850,14.8,3614
19.86,81,850,850,15.0,3610
20.14,81,850,850,15.0,3610
20.40,84,850,850,15.6,3614
20.65,84,850,850,18.5,3614
20.93,85,850,850,17.3,3614
21.20,85,850,850,15.4,3604
21.48,85,850,850,15.3,3610
21.75,85,850,850,15.5,3607
22.02,85,850,850,18.1,3607
22.30,85,850,850,15.7,3610
22.59,85,850,850,15.7,3610
22.87,85,850,850,17.2,3597
23.14,83,850,850,15.6,3600
23.41,83,1000,1000,15.2,3614
23.69,83,1000,1000,19.7,3614
23.95,83,1000,1000,19.9,3607
24.23,85,1000,1000,19.9,3614
24.50,85,1000,1000,19.6,3614
24.77,90,1000,1000,21.9,3607
25.03,90,1000,1000,22.9,3604
25.29,90,1000,1000,20.4,3607
25.56,90,1000,1000,19.7,3607
25.82,86,1000,1000,20.0,3610
26.10,86,1000,1000,20.6,3610
26.37,86,1000,1000,20.0,3614
26.65,86,850,1000,21.5,3604
26.92,92,850,850,22.6,3604
27.19,92,850,850,15.5,3610
27.46,92,850,850,15.2,3610
27.73,92,850,850,15.3,3610
28.00,85,850,850,16.3,3607
28.28,85,850,850,15.2,3610
28.56,85,850,850,16.3,3607
28.83,85,850,850,17.5,3607
29.10,85,850,850,15.9,3607
29.41,85,850,850,16.5,3610
29.67,83,850,850,15.9,3614
29.95,83,850,850,15.7,3614
30.22,83,850,850,15.5,3607
30.50,83,800,850,16.5,3607
30.77,88,850,850,17.3,3607
31.04,88,350,850,12.4,3610
31.32,88,850,850,12.7,3610
31.58,88,850,850,16.1,3607
31.86,83,850,850,14.6,3607
32.14,83,850,850,13.9,3610
32.41,81,850,850,13.7,3610
32.67,81,850,850,16.4,3614
32.94,83,850,850,14.5,3610
33.22,83,850,850,13.7,3604
33.49,83,850,850,13.4,3607
33.75,83,850,850,15.1,3610
34.01,81,850,850,14.2,3607
34.28,81,850,850,13.5,3614
34.55,83,850,850,15.6,3610
34.83,83,850,850,13.7,3607
35.10,83,850,850,13.8,3610
35.37,83,850,850,13.4,3614
35.64,81,850,850,13.6,3614
35.91,81,850,850,13.7,3610
36.19,80,850,850,13.5,3614
36.45,80,850,850,16.4,3668
36.73,81,850,850,15.8,3568
37.00,81,1000,1000,15.5,3614
37.27,84,1000,1000,17.6,3610
37.54,84,1000,1000,17.9,3604
37.81,84,1000,1000,17.7,3604
38.18,84,1000,1000,19.9,3600
38.44,91,1000,1000,22.5,3607
38.71,91,1000,1000,18.1,3607
38.98,91,1000,1000,18.2,3668
39.25,91,1000,1000,17.8,3617
39.52,85,1000,1000,17.8,3564
39.80,85,1000,1000,17.5,3668
40.07,85,1000,1000,17.8,3610
40.34,85,1000,1000,20.7,3607
40.62,85,1000,1000,17.8,3614
40.88,85,1000,1000,17.6,3607
41.16,87,1000,1000,18.5,3607
41.43,87,1000,1000,24.8,3607
41.70,90,1000,1000,20.1,3610
41.97,90,1000,1000,21.2,3610
42.24,90,1000,1000,19.4,3607
42.55,90,1000,1000,23.7,3610
42.81,88,1000,1000,20.5,3607
43.07,88,1000,1000,21.4,3604
43.35,88,1000,1000,19.4,3600
43.62,88,1000,1000,19.9,3604
43.90,90,1000,1000,20.0,3607
44.17,90,1000,1000,20.3,3607
44.43,90,1000,1000,23.2,3610
44.70,90,1000,1000,19.8,3600
44.97,88,1000,1000,20.3,3607
45.24,88,1000,1000,19.9,3607
45.50,88,1000,1000,20.0,3607
45.77,88,1000,1000,19.6,3607
46.05,89,1000,1000,20.3,3607
46.32,89,1000,1000,26.1,3600
46.59,89,1000,1000,21.0,3607
46.92,89,1000,1000,20.9,3600
47.21,89,1000,1000,19.5,3614
47.49,89,1000,1000,19.6,3604
47.76,89,1000,1000,19.7,3607
48.04,89,1000,1000,21.6,3600
48.31,91,1000,1000,23.0,3597
48.58,91,1000,1000,19.5,3597
48.86,91,1000,1000,19.4,3597
49.14,91,1000,1000,20.0,3607
49.40,89,1000,1000,19.5,3607
49.68,89,1000,1000,19.3,3600
49.95,89,1000,1000,20.2,3597
50.22,89,1000,1000,22.9,3600
50.49,90,1000,1000,19.6,3597
50.76,90,1000,1000,19.8,3604
51.03,90,1000,1000,22.8,3610
51.29,90,1000,1000,22.2,3610
51.55,92,950,1000,21.5,3604
51.83,92,950,1000,23.0,3604
52.11,92,850,850,17.6,3610
52.38,92,850,850,14.9,3604
52.65,91,850,850,14.2,3604
52.92,91,850,850,15.1,3607
53.19,86,850,850,14.1,3607
53.45,86,850,850,14.3,3607
53.73,85,850,850,14.1,3607
54.00,85,850,850,15.5,3668
54.27,85,850,850,15.0,3564
54.55,85,850,850,14.1,3614
54.81,84,850,850,14.3,3610
55.08,84,850,850,14.4,3604
55.36,84,850,850,14.2,3604
55.71,84,850,850,14.8,3610
55.97,89,850,850,17.4,3614
56.24,89,850,850,16.2,3661
56.52,89,850,850,14.3,3617
56.79,89,850,850,14.3,3568
57.06,86,850,850,14.4,3610
57.33,86,850,850,14.3,3607
57.61,86,850,850,14.1,3610
57.88,86,850,850,16.0,3610
58.15,86,850,850,15.0,3610
58.42,86,850,850,14.1,3614
58.70,86,850,850,14.0,3607
58.98,86,850,850,14.3,3600
59.24,84,850,850,14.2,3607
59.51,85,850,850,14.6,3610
59.79,85,850,850,15.4,3607
60.06,85,850,850,15.8,3607
60.32,85,850,850,14.9,3607
60.59,85,850,850,14.3,3604
60.86,85,850,850,16.3,3610
61.14,85,850,850,14.5,3664
61.41,85,850,850,14.3,3564
61.69,87,850,850,15.3,3607
61.96,87,850,850,17.6,3607
62.24,87,700,850,17.0,3614
62.51,87,850,850,15.6,3664
62.78,87,850,850,15.7,3617
63.06,87,850,850,15.9,3564
63.33,87,850,850,15.2,3610
63.60,85,850,850,15.0,3668
63.87,86,850,850,16.4,3614
64.14,86,850,850,15.6,3610
64.40,86,850,850,15.9,3607
64.66,86,850,850,15.8,3607
64.94,85,850,850,15.1,3604
65.21,85,850,850,14.8,3604
65.48,85,850,850,15.0,3610
65.75,86,850,850,16.2,3610
66.02,86,850,850,18.6,3610
66.30,86,850,850,15.2,3614
66.57,86,850,850,15.2,3610
66.84,86,850,850,15.2,3607
67.12,86,850,850,15.1,3610
67.38,86,850,850,15.1,3607
67.66,86,850,850,15.5,3607
67.93,87,850,850,17.6,3607
68.21,87,850,850,15.1,3610
68.48,87,850,850,15.1,3610
68.76,87,850,850,15.2,3607
69.02,85,850,850,16.4,3607
69.30,85,850,850,15.0,3614
69.57,85,850,850,15.5,3614
69.84,85,850,850,17.2,3610
70.11,86,850,850,15.3,3607
70.38,86,850,850,15.1,3614
70.65,86,850,850,16.8,3607
70.93,86,850,850,16.1,3614
71.21,86,850,850,15.0,3607
71.48,86,850,850,15.4,3607
71.76,86,850,850,17.2,3600
72.03,86,850,850,15.3,3600
72.30,88,850,850,15.2,3604
72.57,93,850,850,17.5,3600
72.86,93,850,850,15.2,3600
73.13,93,650,650,14.8,3600
73.39,93,650,650,12.2,3604
73.65,86,650,650,13.6,3600
73.93,86,650,650,11.1,3597
74.19,86,650,650,11.0,3607
74.46,86,650,650,10.7,3610
74.73,83,650,650,10.8,3610
75.00,83,650,650,11.3,3607
75.28,83,650,650,10.8,3610
75.55,86,650,650,13.8,3614
75.82,86,650,650,13.3,3607
76.09,86,650,650,11.3,3610
76.37,86,650,650,11.1,3614
76.63,84,650,650,11.3,3610
76.90,83,650,650,10.9,3661
77.17,83,650,650,11.6,3627
77.45,83,650,650,12.8,3607
77.73,83,650,650,12.1,3610
78.00,85,650,650,12.2,3607
78.27,85,650,650,10.6,3604
78.55,85,650,650,10.6,3607
78.82,85,650,650,10.6,3604
79.10,82,650,650,11.0,3607
79.37,82,650,650,12.6,3607
79.64,82,650,650,12.1,3607
79.91,82,650,650,10.8,3607
80.18,82,650,650,10.8,3607
80.45,82,650,650,14.0,3604
80.72,82,650,650,10.9,3604
80.98,82,650,650,11.3,3604
81.25,86,650,650,11.8,3607
81.52,86,650,650,12.5,3614
81.78,86,650,650,10.7,3607
82.06,86,650,650,11.1,3614
82.33,82,650,650,10.7,3607
82.61,82,650,650,10.8,3614
